Wavelength,O5V,B5V,A5V,F5V,G5V,K5V,M5V
500,503844.137,0,0,0,0,0,0
506,410661.746,0,0,0,0,0,0
512,595361.301,0,0,0,0,0,0
520,569118.352,0,0,0,0,0,0
530,539744.977,0,0,0,0,0,0
540,447761.508,0,0,0,0,0,0
550,425315.145,0,0,0,0,0,0
560,576045.491,0,0,0,0,0,0
570,653175.618,0,0,0,0,0,0
580,654574.382,0,0,0,0,0,0
590,673257.554,0,0,0,0,0,0
600,592031.015,0,0,0,0,0,0
610,548237.264,0.001,0,0,0,0,0
620,705628.241,0.001,0,0,0,0,0
630,667629.313,0.001,0,0,0,0,0
640,754850.353,0.001,0,0,0,0,0
650,728407.557,0.002,0,0,0,0,0
658,680817.376,0.002,0,0,0,0,0
665,770169.824,0.003,0,0,0,0,0
675,805071.59,0.003,0,0,0,0,0
685,729140.297,0.004,0,0,0,0,0
695,809600.777,0.006,0,0,0,0,0
705,696369.905,0.007,0,0,0,0,0
716,834944.598,0.009,0,0,0,0,0
726,857823.881,0.011,0,0,0,0,0
735,865650.025,0.013,0,0,0,0,0
745,843436.853,0.017,0,0,0,0,0
755,841138.907,0.021,0,0,0,0,0
765,756249.1,0.025,0,0,0,0,0
775,844402.745,0.031,0,0,0,0,0
785,750421.039,0.038,0,0,0,0,0
795,826119.296,0.045,0,0,0,0,0
805,869746.479,0.054,0,0,0,0,0
815,881269.326,0.064,0,0,0,0,0
825,888496.067,0.077,0,0,0,0,0
835,765873.759,0.089,0,0,0,0,0
845,889761.541,0.106,0,0,0,0,0
855,872776.959,0.125,0,0,0,0,0
865,905214.308,0.147,0,0,0,0,0
875,910576.145,0.171,0,0,0,0,0
885,904748.082,0.202,0,0,0,0,0
895,907945.168,0.233,0,0,0,0,0
905,899352.839,0.262,0,0,0,0,0
915,769037.47,1.411,0,0,0,0,0
925,1102602.333,6.363,0,0,0,0,0
935,1482192.369,11.943,0,0,0,0,0
945,1763138.082,52.541,0,0,0,0,0
955,1974546.882,294.889,0,0,0,0,0
965,2153618.08,467.09,0,0,0,0,0
975,1592692.252,92.689,0,0,0,0,0
985,1983005.948,985.118,0,0,0,0,0
995,1791845.319,995.819,0,0,0,0,0
1005,1850958.511,1502.096,0,0,0,0,0
1015,1931452.423,1122.544,0,0,0,0,0
1025,1685008.595,67.35,0,0,0,0,0
1035,2001922.105,550.217,0,0,0,0,0
1045,2093805.475,2048.623,0,0,0,0,0
1055,2068961.358,2427.118,0,0,0,0,0
1065,1973347.93,1978.946,0,0,0,0,0
1075,2028797.751,2452.936,0,0,0,0,0
1085,1889190.768,1868.335,0,0,0,0,0
1095,2001389.091,2570.329,0,0,0,0,0
1105,1963956.462,2760.26,0,0,0,0,0
1115,1956130.153,2628.434,0.001,0,0,0,0
1125,1895085.249,2737.864,0.001,0,0,0,0
1135,1951234.481,3267.657,0.001,0,0,0,0
1145,1960726.019,2962.199,0.001,0,0,0,0
1155,1877168.112,3326.26,0.001,0,0,0,0
1165,1801436.907,3713.278,0.002,0,0,0,0
1175,1620766.838,3282.152,0.002,0,0,0,0
1185,1762571.844,3613.739,0.002,0,0,0,0
1195,1704357.851,1325.726,0.001,0,0,0,0
1205,1701027.585,1237.386,0.002,0,0,0,0
1215,1435800.882,148.393,0,0,0,0,0
1225,1642147.539,1122.793,0.002,0,0,0,0
1235,1633055.865,3863.518,0.004,0,0,0,0
1245,1616903.686,4802.6,0.009,0,0,0,0
1255,1668623.574,4494.529,0.014,0,0,0,0
1265,1684608.974,3022.482,0.014,0,0,0,0
1275,1693401.334,5101.714,0.021,0,0,0,0
1285,1696997.87,5555.047,0.03,0,0,0,0
1295,1696165.389,4407.247,0.036,0,0,0,0
1305,1659165.596,4153.175,0.033,0,0,0,0
1315,1676649.543,5387.388,0.049,0,0,0,0
1325,1659531.911,5250.398,0.058,0,0,0,0
1335,1654536.382,4462.179,0.066,0,0,0,0
1345,1647043.098,5747.032,0.084,0,0,0,0
1355,1600385.331,5527.924,0.088,0,0,0,0
1365,1557657.417,4898.779,0.1,0,0,0,0
1375,1514396.442,5450.097,0.112,0,0,0,0
1385,1526185.624,5689.549,0.116,0,0,0,0
1395,1241676.54,5614.211,0.137,0,0,0,0
1405,994933.077,5803.707,0.155,0,0,0,0
1415,1529582.704,5416.192,0.167,0,0,0,0
1425,1455316.621,5675.427,0.19,0,0,0,0
1435,1522522.414,5531.158,0.195,0,0,0,0
1442,1472467.761,5965.084,0.245,0,0,0,0
1447,1474865.569,6139.898,0.281,0,0,0,0
1455,1448256.332,6007.823,0.336,0,0,0,0
1465,1456881.99,5683.826,0.313,0,0,0,0
1475,1450454.433,5536.446,0.353,0,0,0,0
1485,1474199.562,5681.586,0.413,0,0,0,0
1495,1450753.862,5900.446,0.49,0,0,0,0
1505,1451420.21,5721.339,0.569,0.001,0,0,0
1512,1450187.949,5230.367,0.559,0,0,0,0
1517,1427208.594,5675.738,0.538,0.001,0,0,0
1525,1429972.811,5339.049,1.874,0.001,0,0,0
1535,1338888.627,4839.74,2.708,0.001,0,0,0
1545,1085118.166,5590.259,4.198,0.001,0,0,0
1555,1142965.925,5229.931,3.714,0.002,0,0,0
1565,1289433.342,5180.909,3.278,0.002,0,0,0
1575,1324534.885,5399.582,6.607,0.003,0,0,0
1585,1311912.864,5751.325,7.834,0.003,0,0,0
1595,1322603.48,5952.455,9.767,0.004,0,0,0
1605,1274713.308,5702.613,9.132,0.004,0,0,0
1615,1251434.345,5846.259,8.734,0.004,0,0,0
1625,1263989.633,5515.294,6.336,0.005,0,0,0
1635,1263423.514,5804.081,8.655,0.006,0,0,0
1645,1223659.444,5902.623,13.385,0.007,0,0,0
1655,1277610.732,5373.017,6.728,0.005,0,0,0
1665,1266587.339,5975.162,13.872,0.008,0,0,0
1672,1214534.529,5460.176,7.064,0.006,0,0,0
1677,1298724.885,5843.522,28.087,0.028,0,0,0
1685,1284371.204,6254.118,30.64,0.028,0,0,0
1695,1279475.718,5968.692,22.254,0.028,0,0,0
1705,1255830.314,5687.682,24.734,0.036,0,0,0
1715,1224425.531,5337.246,31.553,0.064,0,0,0
1725,1211070.923,5331.397,32.524,0.075,0,0,0
1735,1245140.115,5682.893,38.459,0.108,0.001,0,0
1745,1239078.812,5599.466,37.689,0.114,0.001,0,0
1755,1222493.883,6068.106,44.628,0.182,0.001,0,0
1765,1214268.009,5494.516,32.683,0.131,0.001,0,0
1775,1200880.07,5832.884,42.333,0.176,0.001,0,0
1785,1210038.646,5976.655,42.722,0.216,0.001,0,0
1795,1187592.051,6310.108,54.706,0.342,0.002,0,0
1805,1181264.516,6276.514,49.417,0.267,0.002,0,0
1815,1173404.964,5941.879,51.716,0.242,0.002,0,0
1825,1162248.366,6030.903,48.255,0.283,0.002,0,0
1835,1161582.312,5829.401,44.178,0.275,0.002,0,0
1845,1156087.237,5489.663,37.379,0.169,0.002,0,0
1855,1150958.603,5386.89,45.073,0.332,0.003,0,0
1865,1147295.256,5571.036,52.633,0.473,0.003,0,0
1875,1129078.515,6164.285,50.773,0.45,0.004,0,0
1885,1118920.946,5746.348,52.781,0.476,0.004,0,0
1895,1129278.255,5529.541,57.812,0.625,0.005,0,0
1905,1122650.98,5923.589,53.729,0.585,0.005,0,0
1915,1114558.19,5715.864,59.672,0.659,0.006,0,0
1925,1079489.945,5689.176,58.157,0.509,0.006,0,0
1935,1104200.941,5937.151,43.122,0.218,0.004,0,0
1945,1098606.034,6069.35,65.272,0.766,0.008,0,0
1955,1074494.492,5748.712,66.506,0.823,0.008,0,0
1967,1078957.198,6279.003,75.101,1.062,0.011,0,0
1976,1070597.919,6497.987,73.479,0.884,0.01,0,0
1984,1070797.844,6173.243,72.013,1.131,0.012,0,0
1995,1060806.88,5972.3,70.628,1.228,0.013,0,0
2005,1057842.839,6206.713,65.465,1.086,0.013,0,0
2015,1050216.401,5965.643,65.991,1.184,0.014,0,0
2025,1043355.966,6406.536,61.13,0.886,0.012,0,0
2035,1032832.206,6053.61,70.965,1.379,0.016,0,0
2045,1020842.931,6249.763,78.966,1.609,0.019,0,0
2055,767105.953,5999.299,76.517,1.521,0.02,0,0
2065,830148.88,6150.66,73.545,1.428,0.02,0,0
2074,1001260.684,6402.803,86.637,1.717,0.022,0,0
2078,1014715.214,6185.188,91.359,3.294,0.072,0,0
2085,1013816.115,6389.739,88.76,4.022,0.101,0,0
2095,1008920.448,6066.239,84.319,3.693,0.092,0,0
2105,995632.579,6193.214,76.689,3.361,0.093,0,0
2115,1006056.437,6244.786,79.592,3.85,0.115,0,0
2125,992368.84,6366.721,83.608,3.348,0.101,0,0
2135,992268.871,5976.78,67.636,3.062,0.102,0,0
2145,982244.62,6189.045,81.583,4.121,0.142,0,0
2155,984509.136,6407.158,81.926,4.177,0.132,0,0
2165,947575.985,6204.66,75.348,3.529,0.112,0,0
2175,972253.702,6168.329,75.5,3.683,0.11,0,0
2185,948874.804,6044.279,81.272,4.674,0.172,0,0
2195,963394.89,6350.545,88.934,4.746,0.159,0,0
2205,955335.62,6176.914,84.505,4.531,0.163,0,0
2215,928126.916,5974.727,75.046,3.404,0.116,0,0
2225,942114.269,5719.97,74.612,3.93,0.16,0,0
2235,936985.55,6193.711,90.344,5.371,0.238,0,0
2245,929225.954,5858.08,81.415,5.076,0.228,0,0
2255,905547.294,5735.71,75.137,3.756,0.161,0,0
2265,917369.994,5884.769,75.583,3.624,0.134,0,0
2275,914505.858,6105.557,81.915,4.077,0.146,0,0
2285,900418.587,6224.256,89.819,5.502,0.254,0,0
2295,888662.635,6027.731,81.113,4.53,0.188,0,0
2305,872210.767,5851.485,85.801,5.65,0.259,0,0
2315,881602.279,5642.828,82.128,4.81,0.208,0,0
2325,882634.699,4565.45,57.418,3.623,0.179,0,0
2335,877772.427,5437.53,70.003,3.083,0.156,0,0
2345,868480.925,5322.688,57.029,1.855,0.095,0,0
2355,859489.054,5607.928,82.328,4.352,0.215,0,0
2365,853161.368,5286.418,61.336,2.159,0.117,0,0
2375,843003.938,5417.063,72.841,3.175,0.159,0,0
2385,807436.085,5138.355,53.409,1.536,0.091,0,0
2395,829016.548,5564.006,63.651,2.151,0.119,0,0
2405,824287.527,5305.331,62.521,2.159,0.125,0,0
2415,822289.391,5419.987,64.579,2.778,0.145,0,0
2425,824287.527,5628.955,81.917,5.301,0.291,0,0
2435,816028.293,5382.1,78.825,5.264,0.3,0,0
2445,812631.483,5751.263,87.952,6.417,0.383,0,0
2455,802673.683,5588.455,87.463,6.874,0.428,0,0
2465,802340.666,5647.681,89.047,6.132,0.331,0,0
2475,801141.861,5453.208,81.096,5.367,0.281,0,0
2485,790784.446,5837.363,82.206,3.523,0.116,0,0
2495,728307.662,5695.521,77.584,4.128,0.184,0,0
2505,779328.206,5997.309,99.845,6.912,0.329,0,0
2513,722646.195,5632.75,74.99,2.419,0.123,0,0
2518,761444.392,5851.735,66.3,1.673,0.087,0,0
2525,766040.207,5538.126,63.292,2.087,0.102,0,0
2535,770103.232,5605.19,66.374,3.689,0.231,0,0
2545,766939.404,5494.827,69.044,4.069,0.244,0,0
2555,761011.5,5757.671,83.658,7.018,0.61,0.001,0
2565,757248.168,5714.496,80.12,5.331,0.415,0,0
2575,752019.642,6043.595,91.772,6.809,0.596,0,0
2585,748089.815,6034.948,93.506,6.162,0.513,0,0
2595,733103.334,6089.319,90.875,5.477,0.454,0,0
2605,739231.139,5871.082,85.748,4.738,0.377,0.001,0
2615,729273.423,5880.6,79.823,4.13,0.335,0.001,0
2625,730905.354,5969.936,99.839,6.152,0.493,0.001,0
2635,727708.289,6036.316,104.2,9.882,1.038,0.001,0
2645,721014.308,6324.417,126.704,13.695,1.438,0.001,0
2655,718849.579,6285.224,132.28,17.114,2.195,0.001,0
2665,713687.604,6041.292,110.482,11.658,1.261,0.001,0
2675,702564.255,6251.007,122.764,13.696,1.498,0.001,0
2685,703663.268,6184.192,123.831,15.109,1.834,0.001,0
2695,698301.468,6107.113,112.401,11.879,1.226,0.001,0
2705,699333.902,6191.782,120.795,14.096,1.583,0.002,0
2715,693472.523,6025.74,109.563,10.809,1.075,0.002,0
2725,689342.945,6054.419,112.518,10.101,0.722,0.001,0
2735,661634.771,6290.823,125,12.058,1.053,0.002,0
2745,683181.847,5837.301,91.535,6.148,0.552,0.002,0
2755,677953.262,5827.658,99.71,8.438,0.835,0.002,0
2765,674356.495,5998.989,107.377,10.944,1.166,0.003,0
2775,670226.977,6176.976,117.473,11.996,1.205,0.003,0
2785,663299.823,6215.733,93.417,6.857,0.652,0.002,0
2795,657405.131,5556.354,43.824,2.636,0.275,0.003,0
2805,657838.114,5883.96,54.4,3.367,0.346,0.003,0
2815,654707.627,6295.178,117.232,11.022,1.072,0.003,0
2825,649778.72,6260.339,138.454,16.909,1.696,0.004,0
2835,647680.678,6051.557,135.933,16.874,1.55,0.003,0
2845,645316.122,5936.466,130.861,14.253,0.885,0.003,0
2855,641353.042,6036.502,122.019,8.348,0.431,0.002,0
2865,634792.311,6194.084,143.491,18.874,1.442,0.004,0
2875,631395.417,6110.534,142.193,21.574,2.442,0.004,0
2885,629896.715,6177.847,143.784,19.205,2.092,0.006,0
2895,626100.195,6169.822,138.106,21.015,2.833,0.007,0
2910,620838.258,6348.679,161.844,26.756,3.888,0.009,0
2930,615376.565,6261.584,154.608,24.171,3.374,0.009,0
2950,608316.289,6240.432,154.856,23.888,3.141,0.009,0
2970,599990.454,6255.984,161.781,26.164,3.304,0.009,0
2990,591364.906,6257.228,166.986,26.799,3.434,0.01,0
3010,585503.615,6353.657,172.51,28.925,3.455,0.011,0
3030,576411.778,6355.522,172.203,29.037,3.8,0.013,0
3050,572881.657,6313.219,174.963,30.655,4.033,0.015,0
3070,565521.647,6283.98,178.814,31.447,4.43,0.017,0
3090,562590.972,6325.038,183.753,32.121,4.209,0.017,0
3110,557162.586,6255.985,180.541,33.076,4.977,0.027,0
3130,550501.926,6255.362,182.271,33.169,4.707,0.026,0
3150,546438.917,6259.717,187.806,32.371,4.535,0.039,0
3170,540244.512,6234.21,187.536,34.119,5.022,0.058,0
3190,535282.374,6115.76,177.549,31.194,4.459,0.043,0
3210,519429.996,6197.194,188.516,35.161,5.061,0.051,0
3230,525124.829,6195.639,181.113,30.753,4.22,0.05,0
3250,520262.616,6178.656,190.859,37.428,6.062,0.092,0
3270,510138.481,6192.84,198.969,42.061,7.211,0.129,0
3290,508506.552,6183.881,201.307,41.269,6.972,0.16,0
3310,503178.065,6195.204,207.722,42.543,6.7,0.126,0
3330,498049.373,6168.764,205.601,42.909,6.975,0.142,0
3350,490223.151,6131.189,205.646,43.052,6.873,0.135,0
3370,487658.715,6123.225,205.505,38.396,5.172,0.078,0
3390,482963.017,6102.633,207.511,41.988,6.07,0.1,0
3410,477967.496,6109.911,209.916,42.357,6.196,0.109,0
3430,475103.463,6083.161,212.674,43.101,6.517,0.127,0
3450,467676.805,6073.083,214.169,45.348,7.025,0.122,0
3470,465578.761,6046.892,214.208,46.288,7.444,0.12,0
3490,461582.313,6043.407,216.935,48.731,8.344,0.174,0
3510,458085.536,6053.113,223.15,50.585,8.832,0.247,0
3530,452790.308,6045.274,223.085,48.779,8.134,0.227,0
3550,448760.619,6031.961,231.169,54.939,9.532,0.326,0
3570,444897.525,6017.03,223.389,47.581,6.873,0.132,0
3590,440667.942,5986.547,222.976,46.315,6.807,0.126,0
3610,436005.486,5983.685,226.193,50.129,8.457,0.207,0
3630,431775.979,5962.781,230.104,50.775,8.606,0.266,0
3640,421052.346,5969.873,229.496,51.664,8.909,0.312,0
3650,430377.233,5982.876,241.752,57.452,10.225,0.401,0
3670,425681.506,5915.128,236.754,57.076,10.713,0.528,0.001
3690,420719.301,5536.82,216.296,54.253,9.946,0.359,0
3710,410362.032,5745.166,229.17,58.075,10.757,0.282,0
3730,405632.963,5856.089,232.06,53.056,7.778,0.131,0
3750,401170.356,6889.297,282.257,58.968,8.923,0.164,0
3770,396174.874,7071.577,299.707,65.52,11.074,0.399,0
3790,398272.988,7971.155,363.095,70.884,11.522,0.449,0.001
3810,403834.631,8795.457,425.461,76.603,11.227,0.379,0
3830,385651.041,7493.992,343.624,56.354,6.328,0.159,0
3850,403235.174,9306.212,483.047,77.896,9.308,0.286,0
3870,404933.591,9895.355,548.782,80.233,9.045,0.263,0
3890,369765.455,7028.651,326.066,71.487,11.029,0.311,0
3910,400804.027,9945.746,553.78,83.149,13.11,0.48,0.001
3930,396074.966,9965.654,412.271,47.785,6.809,0.194,0
3950,392145.194,9889.134,530.723,73.896,11.658,0.416,0.001
3970,354612.486,6879.343,301.315,52.573,8.287,0.284,0
3990,386183.932,9652.109,568.274,93.32,16.532,0.915,0.001
4010,384951.681,9958.188,665.452,99.593,17.716,1.152,0.001
4030,378657.384,9723.651,681.055,102.052,18.101,0.976,0.001
4050,379223.553,9943.258,677.382,100.493,17.531,0.981,0.001
4070,374461.181,9765.332,642.614,99.839,17.02,0.832,0.001
4090,360140.787,8669.166,505.494,103.033,19.817,1.43,0.002
4110,340158.885,7256.345,395.56,94.829,19.508,1.01,0.001
4130,364436.904,9355.981,630.597,107.772,19.775,1.09,0.002
4150,362505.366,9566.257,687.422,111.625,20.014,1.03,0.001
4170,360373.937,9578.077,699.917,112.114,20.483,1.09,0.002
4190,357343.325,9566.256,698.635,110.954,19.567,1.111,0.001
4210,351282.191,9527.686,705.241,111.664,20.003,0.951,0.001
4230,352081.459,9466.097,690.247,108.618,19.267,0.561,0
4250,348884.32,9398.908,699.265,111.821,19.617,0.986,0.001
4270,346053.569,9243.379,679.36,108.984,18.511,0.965,0.001
4290,343156.205,9277.595,686.748,105.202,17.23,0.989,0.001
4310,339193.063,9122.066,626.185,94.617,14.392,1.017,0.001
4330,324599.668,7855.441,484.307,109.985,21.264,1.612,0.002
4350,311158.473,7028.029,419.485,103.007,20.616,1.846,0.002
4370,330604.214,8926.723,648.85,122.337,22.907,1.968,0.003
4390,327077.395,8885.662,687.118,117.513,20.97,1.561,0.002
4410,325099.203,8985.201,690.16,121.27,22.789,1.617,0.002
4430,323593.892,8885.663,687.857,123.602,24.577,1.833,0.002
4450,320623.217,8904.326,704.198,123.835,24.448,1.964,0.003
4470,316437.022,8610.066,706.784,128.043,26.049,2.3,0.003
4490,316107.305,8704.005,702.133,128.507,26.451,2.418,0.003
4510,312247.481,8738.843,724.907,137.921,29.388,3.031,0.004
4530,310142.721,8680.365,705.806,129.579,26.823,2.334,0.003
4550,303748.501,8608.199,702.047,132.599,27.984,2.712,0.003
4570,305903.226,8618.154,724.299,140.047,29.91,3.06,0.004
4590,303365.517,8547.855,707.24,134.402,28.427,2.892,0.003
4610,301450.583,8522.97,719.779,137.92,29.275,3.015,0.004
4630,297760.57,8428.409,706.327,136.524,29.075,3.04,0.003
4650,291353.044,8419.076,714.889,138.998,29.615,2.946,0.003
4670,293717.595,8369.929,718.736,142.436,30.687,3.31,0.004
4690,281098.988,8330.736,696.701,140.42,30.319,3.177,0.004
4710,290254.051,8167.742,677.1,136.586,29.663,2.982,0.004
4730,288955.205,8213.779,711.173,143.706,31.188,2.971,0.003
4750,286810.49,8157.167,712.586,145.625,31.931,2.906,0.003
4770,284602.494,8168.365,706.979,146.191,32.286,2.581,0.002
4790,282261.275,8105.531,701.416,146.37,32.381,2.804,0.003
4810,280279.719,8016.568,686.162,146.135,32.216,3.346,0.003
4830,277712.075,7897.123,649.024,147.544,33.077,3.387,0.003
4850,268503.716,6990.079,499.823,135.938,31.211,3.547,0.004
4870,253314.151,6066.862,407.577,118.765,28.042,3.283,0.004
4890,271081.416,7727.285,618.797,143.609,31.956,3.47,0.004
4910,269885.792,7805.05,671.189,145.445,32.233,3.48,0.005
4930,267198.228,7675.649,676.209,144.368,31.874,3.215,0.005
4950,266215.816,7767.101,693.028,149.283,33.45,3.246,0.004
4970,264387.442,7739.727,701.981,151.824,33.984,3.09,0.003
4990,262562.418,7685.603,684.488,144.493,31.931,2.751,0.003
5010,259768.315,7517.011,670.972,141.221,30.966,2.426,0.003
5030,258572.708,7568.024,689.986,148.51,32.879,2.669,0.003
5050,256671.089,7408.14,682.011,149.007,33.258,2.493,0.003
5070,255022.603,7510.167,695.071,154.143,34.891,2.397,0.003
5090,253330.789,7469.108,691.333,151.437,33.76,2.323,0.003
5110,251552.415,7410.007,694.789,154.005,34.56,2.406,0.003
5130,249727.383,7391.965,687.074,151.824,34.01,2.287,0.003
5150,247968.988,7319.179,677.252,149.049,33.034,2.138,0.003
5170,246290.487,7295.538,667.43,143.706,30.202,2.07,0.003
5190,244588.669,7273.763,666.669,144.175,30.897,2.336,0.003
5210,242836.95,7186.668,673.819,150.995,34.036,2.825,0.004
5230,241245.048,7177.336,671.363,153.163,34.738,4.019,0.006
5250,239303.495,7168.627,685.77,157.18,36.148,4.535,0.006
5270,237465.15,7101.438,655.413,145.694,32.354,3.499,0.005
5290,236316.179,7118.857,679.382,157.194,36.365,4.676,0.007
5310,234700.974,7056.645,676.47,160.356,37.883,5.211,0.008
5330,233065.793,7038.604,660.433,151.672,34.58,4.253,0.007
5350,231547.155,6995.056,676.491,159.362,37.319,4.879,0.007
5370,229975.261,6974.526,671.015,159.251,37.286,4.761,0.007
5390,228420.007,6935.956,670.255,159.113,37.175,4.707,0.008
5410,222352.132,6892.407,661.324,156.09,36.226,4.632,0.008
5430,225386.078,6855.081,668.256,160.397,37.491,4.635,0.008
5450,223904.071,6832.684,672.406,163.075,38.587,4.718,0.006
5470,222372.138,6789.137,668.995,161.736,38.2,5.068,0.007
5490,220940.094,6769.229,671.993,163.503,38.704,5.264,0.007
5510,219234.965,6731.901,671.646,163.683,38.639,5.107,0.007
5530,218042.719,6710.128,666.669,164.166,39.093,5.58,0.008
5550,216627.338,6678.4,669.864,165.947,39.717,5.698,0.008
5570,215095.384,6645.428,662.823,163.351,38.918,5.57,0.009
5590,213113.843,6614.944,662.106,162.951,38.507,5.283,0.009
5610,212427.797,6588.194,664.062,165.698,39.87,5.732,0.007
5630,211052.367,6562.687,666.148,167.328,40.164,5.975,0.009
5650,209683.62,6493.01,664.714,167.783,40.522,6.257,0.01
5670,208331.497,6471.858,658.781,165.657,39.85,6.093,0.01
5690,203542.495,6459.416,661.867,168.073,40.669,6.266,0.01
5710,204698.125,6432.665,659.607,166.941,40.15,6.005,0.011
5730,204474.993,6405.914,665.539,173.388,42.7,6.64,0.012
5750,203092.931,6376.052,659.281,170.475,41.62,6.597,0.012
5770,201947.277,6346.813,660.128,172.049,42.208,6.688,0.011
5790,200718.393,6309.487,657.738,170.889,41.505,6.401,0.012
5810,197771.055,6282.113,657.586,172.767,42.506,6.777,0.011
5830,197794.372,6255.362,657.543,174.451,43.33,7.063,0.012
5850,196981.767,6225.5,654.848,172.712,42.648,6.849,0.012
5870,193937.854,6081.481,652.936,173.471,42.987,6.934,0.011
5890,194370.804,6151.718,643.852,168.639,40.603,6.057,0.01
5910,193411.676,6137.969,650.35,173.761,43.01,7.009,0.011
5930,192182.78,6115.324,649.415,173.996,43.201,7.06,0.011
5950,190977.205,6055.726,648.177,174.921,43.527,7.112,0.011
5970,189788.293,6050.5,647.308,175.294,43.87,7.307,0.012
5990,189058.947,6003.655,643.918,174.893,43.678,7.264,0.012
6010,187433.734,6002.97,639.528,173.733,43.237,7.218,0.013
6030,186204.853,5973.855,640.745,174.41,43.705,7.468,0.013
6050,185568.771,5946.358,641.505,177.13,44.709,7.625,0.014
6070,183933.588,5917.617,642.005,177.102,44.599,7.607,0.014
6090,183390.752,5889.995,638.42,175.487,43.863,7.427,0.015
6110,181925.399,5868.904,635.747,174.948,43.8,7.499,0.014
6130,180896.333,5840.91,628.902,171.166,42.465,7.002,0.014
6150,180083.709,5784.919,622.73,172.56,43.395,7.496,0.015
6170,178358.628,5785.293,626.403,171.138,42.359,6.743,0.011
6190,177995.629,5763.27,632.639,176.771,44.577,7.675,0.012
6210,176943.226,5737.016,631.053,177.254,44.863,7.59,0.011
6230,175154.855,5705.413,626.403,175.252,43.975,7.435,0.011
6250,174855.138,5659.19,616.103,171.387,43.045,7.237,0.011
6270,173826.062,5658.878,627.685,177.834,44.994,7.582,0.012
6290,172823.613,5632.252,626.555,178.386,45.318,7.854,0.013
6310,170995.287,5601.644,620.318,175.335,44.372,7.69,0.014
6330,170815.453,5581.674,620.622,176.619,44.837,7.87,0.014
6350,169793.052,5491.965,614.473,177.199,45.179,7.99,0.014
6370,168837.235,5489.166,614.755,177.199,45.188,8.028,0.015
6390,167821.496,5506.461,616.428,178.497,45.666,8.26,0.015
6410,166033.124,5474.546,609.844,175.487,44.773,8.084,0.014
6430,165946.518,5463.037,611.039,177.226,45.492,8.184,0.014
6450,164894.149,5428.012,603.803,176.688,45.302,8.044,0.014
6470,163918.354,5413.081,605.781,176.84,45.26,8.029,0.014
6490,163052.469,5379.176,596.675,175.418,44.933,7.986,0.014
6510,162056.694,5338.427,590.765,177.599,45.997,8.405,0.015
6530,160095.155,5277.647,566.296,176.495,46.073,8.631,0.016
6550,157767.241,4927.085,482.699,164.801,44.234,8.505,0.016
6561,146625.554,4234.565,388.937,138.091,38.982,8.455,0.015
6590,158047.005,5143.395,538.047,173.264,45.569,8.652,0.016
6610,157674.014,5223.959,579.443,178.938,46.745,8.782,0.016
6630,156811.447,5219.292,591.308,179.504,46.66,8.833,0.016
6650,155938.903,5208.966,594.937,179.905,46.812,8.895,0.016
6670,154400.31,5159.756,595.372,179.063,46.497,8.738,0.015
6690,152565.302,5138.791,596.915,181.244,47.386,8.849,0.013
6710,153158.083,5141.466,596.024,179.85,46.613,8.506,0.012
6730,152418.742,5120.936,594.807,181.092,47.368,8.859,0.011
6750,151562.857,5100.407,592.481,180.319,47.118,8.706,0.011
6770,150823.55,5080.126,594.394,181.064,47.369,8.843,0.011
6790,150037.592,5054.122,592.764,180.816,47.302,8.751,0.011
6810,149218.325,5035.022,591.33,180.609,47.278,8.89,0.012
6830,148409.058,5009.018,589.178,181.189,47.683,9.091,0.013
6850,147596.434,4991.785,587.418,179.477,46.874,8.946,0.013
6870,146780.529,4972.935,587.831,181.078,47.583,9.092,0.013
6890,144872.272,4951.659,586.723,181.561,47.87,9.242,0.014
6910,145218.611,4931.254,585.071,181.12,47.694,9.319,0.016
6930,144459.298,4902.45,583.681,181.41,47.808,9.326,0.016
6950,143686.667,4890.629,582.572,181.492,47.819,9.401,0.017
6970,142920.695,4872.339,580.812,181.492,47.974,9.613,0.018
6990,142161.379,4853.178,580.465,181.824,48.052,9.499,0.019
7010,141408.721,4829.227,575.01,178.773,46.977,9.557,0.02
7030,140486.234,4810.999,575.771,180.816,47.813,9.734,0.021
7050,139820.174,4780.764,575.662,181.575,48.161,9.873,0.022
7070,138544.647,4739.269,574.815,181.244,47.936,9.668,0.021
7090,138454.734,4755.631,573.554,181.037,47.908,9.394,0.015
7110,137672.098,4729.937,561.776,180.347,48.248,9.126,0.012
7130,136949.431,4712.829,567.448,180.057,47.765,8.92,0.012
7150,136300.007,4694.228,567.622,180.057,47.7,8.771,0.011
7170,134638.182,4677.244,565.775,179.85,47.886,9.195,0.012
7190,134621.527,4660.011,563.906,178,46.886,9.066,0.012
7210,134191.93,4641.472,563.971,180.015,47.896,9.17,0.012
7230,133499.206,4606.385,562.515,180.139,48.138,9.649,0.014
7250,132816.49,4600.475,560.538,180.995,48.493,9.695,0.015
7270,132133.781,4586.415,561.602,181.189,48.524,9.929,0.017
7290,131267.892,4556.118,557.148,178.51,47.461,9.97,0.018
7310,130691.757,4549.337,557.648,180.333,48.318,10.126,0.02
7330,130125.602,4531.607,556.409,180.485,48.42,10.094,0.021
7350,129466.196,4514.997,556.93,181.313,48.686,10.179,0.022
7370,128760.179,4496.893,555.822,181.561,48.895,10.452,0.024
7390,128117.416,4479.287,551.889,178.938,47.911,10.394,0.025
7410,127461.344,4460.5,545.826,176.274,47.049,10.329,0.026
7430,126875.207,4436.361,546.891,179.173,48.261,10.576,0.027
7450,126115.894,4422.862,547.413,179.877,48.514,10.57,0.027
7470,125586.362,4400.154,543.805,180.719,48.996,10.743,0.028
7490,124773.778,4387.09,543.892,180.015,48.75,10.754,0.029
7510,124300.871,4370.791,545.087,180.374,48.875,10.895,0.029
7530,123738.048,4356.295,544.674,180.885,49.125,11.017,0.03
7550,123111.946,4339.685,545.066,181.63,49.385,11.11,0.03
7570,122499.163,4323.448,543.023,180.816,49.141,11.11,0.03
7590,120560.913,4305.281,541.893,180.719,49.136,11.073,0.031
7610,121236.975,4291.347,540.589,180.471,49.109,11.099,0.03
7630,120700.793,4273.927,539.698,181.051,49.372,11.128,0.026
7650,120114.647,4256.57,537.677,180.857,49.481,11.086,0.024
7670,119541.843,4240.458,533.266,178.055,48.347,10.548,0.022
7690,118809.171,4223.972,534.439,180.54,49.513,11.018,0.021
7710,118306.288,4207.796,532.614,179.38,49.03,10.75,0.021
7730,117650.223,4192.057,533.635,180.485,49.321,10.993,0.021
7750,117163.991,4175.757,531.071,178.98,48.884,10.914,0.021
7770,116687.751,4111.742,519.576,178.897,49.632,11.178,0.021
7790,116104.955,4144.278,530.789,181.161,49.828,11.234,0.022
7810,115562.102,4130.032,528.768,180.623,49.73,11.267,0.022
7830,114995.951,4114.293,525.356,179.504,49.401,11.164,0.022
7850,114269.939,4085.302,522.879,179.145,49.385,11.162,0.021
7870,113846.998,4068.567,522.705,180.733,50.017,11.487,0.023
7890,113350.779,4048.348,520.749,180.692,49.961,11.447,0.023
7910,112844.571,4050.526,519.489,179.822,49.487,11.347,0.023
7930,112321.698,4037.274,517.729,177.792,48.876,11.38,0.024
7950,111772.203,4008.222,515.708,178.51,49.017,11.286,0.025
7970,111156.094,4006.729,519.728,180.526,49.924,11.689,0.025
7990,110736.471,3969.029,513.622,180.567,50.11,11.716,0.027
8010,110213.619,3977.241,515.556,179.187,49.567,11.729,0.028
8030,109630.803,3962.186,514.056,179.435,49.696,11.763,0.028
8050,109187.873,3946.882,513.404,178.842,49.499,11.797,0.03
8070,108688.327,3933.941,512.622,180.043,49.977,11.861,0.031
8090,108172.133,3917.393,511.036,178.441,49.279,11.837,0.032
8110,107665.921,3902.649,511.514,179.974,49.9,11.996,0.033
8130,107186.352,3889.46,510.884,180.374,50.163,12.168,0.034
8150,106673.487,3875.028,509.558,179.974,50.037,12.211,0.035
8170,106097.328,3862.647,508.493,179.822,50.077,12.235,0.035
8190,105191.489,3844.792,500.105,176.067,48.811,11.575,0.034
8210,100096.089,3822.52,501.474,177.144,49.158,12.068,0.037
8230,99053.704,3803.297,500.17,176.867,49.182,12.225,0.037
8250,99166.932,3809.519,500.409,177.723,49.678,12.273,0.037
8270,98770.623,3797.574,504.712,179.518,50.253,12.506,0.037
8290,98380.985,3778.04,503.191,179.201,50.166,12.488,0.037
8310,98001.318,3768.957,500.822,177.447,49.45,12.295,0.037
8330,97631.662,3749.484,495.042,175.956,49.247,12.131,0.035
8350,97298.624,3722.049,497.063,177.737,49.696,12.333,0.036
8370,97711.587,3695.609,496.063,178.358,49.996,12.393,0.036
8390,97448.491,3656.478,489.718,176.55,49.245,11.808,0.035
8410,97734.889,3625.435,487.806,177.972,50.085,12.461,0.035
8430,98687.368,3595.262,483.655,176.274,49.345,11.94,0.03
8450,98181.16,3572.742,475.789,175.708,49.786,12.205,0.025
8470,97844.801,3511.215,473.768,175.363,49.516,12.219,0.027
8490,98527.515,3597.875,476.549,175.998,49.862,12.376,0.027
8510,98021.316,3464.121,456.579,169.675,48.013,11.922,0.027
8530,97631.661,3639.121,480.244,177.005,50.098,12.508,0.028
8550,97085.493,3347.536,435.479,166.251,47.437,11.941,0.029
8570,96839.048,3708.425,488.327,178.455,50.538,12.735,0.03
8590,96039.762,3453.358,457.948,174.161,49.54,12.648,0.031
8610,95839.957,3402.718,452.429,173.623,49.573,12.665,0.033
8630,95780.003,3753.653,494.303,177.903,50.314,12.822,0.034
8650,95037.345,3589.663,474.007,176.785,50.385,13.022,0.035
8670,93745.183,3170.98,405.686,162.413,46.914,12.096,0.034
8690,94587.752,3670.352,479.505,173.885,49.153,12.463,0.036
8710,94331.31,3777.293,501.931,176.826,49.908,12.995,0.038
8730,93552.018,3641.237,480.939,175.915,49.994,13.051,0.039
8750,91547.158,3091.972,400.884,167.742,49.024,13.069,0.039
8770,92443.024,3512.957,465.901,175.722,50.26,13.086,0.04
8790,92955.887,3735.86,503.191,176.785,50.025,13.209,0.041
8810,92502.961,3753.466,507.124,174.962,49.07,12.766,0.041
8830,92066.696,3689.015,491.348,175.583,49.921,13.042,0.041
8850,90338.266,3404.024,445.497,173.167,49.983,13.284,0.042
8870,88459.959,3034.799,389.454,165.077,48.691,13.234,0.042
8890,90528.09,3580.145,478.136,176.039,50.372,13.506,0.043
8910,90741.229,3681.674,502.126,176.881,50.636,13.569,0.043
8930,90205.048,3684.971,508.146,175.197,49.821,13.397,0.044
8950,90168.412,3685.531,512.557,176.288,50.029,13.356,0.044
8970,89625.575,3652.746,502.322,176.357,50.233,13.475,0.044
8990,88553.204,3535.913,477.245,175.887,50.418,13.59,0.045
9010,85226.219,3014.518,387.889,162.73,48.106,13.071,0.044
9030,86248.619,3219.692,424.44,171.193,49.923,13.505,0.045
9050,87827.2,3549.412,484.568,176.674,50.868,13.822,0.046
9070,87773.917,3574.919,491.565,173.568,50.053,13.832,0.046
9090,87647.364,3579.336,491.196,170.268,48.923,13.414,0.046
9110,87007.936,3585.993,505.494,173.706,49.658,13.572,0.046
9130,86964.637,3573.177,509.145,176.315,50.529,13.82,0.047
9150,86611.626,3566.023,508.124,176.329,50.493,13.852,0.047
9170,86138.725,3536.534,500.453,175.915,50.48,13.891,0.047
9190,85512.626,3485.584,485.111,176.053,50.875,14.056,0.047
9210,84047.287,3321.283,447.713,171.69,49.789,13.846,0.045
9230,79821.103,2788.255,357.575,158.602,48.634,13.992,0.043
9250,83101.472,3245.198,434.479,169.84,49.544,13.842,0.044
9270,84057.272,3392.204,469.161,172.947,50.181,13.897,0.043
9290,84040.624,3460.139,494.064,175.28,50.487,13.857,0.042
9310,83747.552,3463.747,500.127,175.653,50.711,14.087,0.043
9330,83431.178,3457.091,500.996,175.004,50.489,14.09,0.043
9350,81492.924,3452.922,501.952,174.935,50.477,14.052,0.042
9370,82372.138,3441.476,502.235,175.017,50.349,13.899,0.043
9390,82428.745,3425.301,498.041,174.824,50.57,14.163,0.044
9410,82049.095,3387.476,482.916,168.612,48.785,13.931,0.044
9430,81749.36,3404.771,493.934,173.623,50.393,14.234,0.044
9450,81436.317,3390.525,492.152,172.726,49.798,13.97,0.045
9470,81059.99,3367.568,490.066,174.41,50.583,14.289,0.046
9490,80673.668,3347.785,482.895,174.631,50.8,14.371,0.046
9510,79940.998,3292.044,466.01,173.278,50.507,14.344,0.047
9530,78302.48,3101.117,425.678,170.82,50.327,14.346,0.047
9550,74043.001,2661.22,347.296,156.269,48.433,14.135,0.047
9570,78155.948,3135.209,432.393,170.669,50.057,14.236,0.048
9590,78858.646,3265.541,465.662,173.223,50.674,14.532,0.049
9610,78802.027,3281.841,474.072,172.049,50.26,14.326,0.048
9630,78502.297,3257.143,474.159,170.71,49.905,14.501,0.049
9650,78255.862,3279.601,481.83,171.814,49.864,14.04,0.048
9670,77956.129,3263.675,477.853,170.848,49.882,14.14,0.049
9690,77646.406,3257.827,479.961,172.16,50.439,14.504,0.05
9710,76937.047,3247.251,484.503,172.753,50.303,14.392,0.05
9730,76980.341,3237.422,483.047,172.712,50.377,14.284,0.05
9750,76737.225,3225.663,479.657,171.069,49.971,14.38,0.051
9770,76004.565,3216.457,481.439,171.787,50.111,14.523,0.051
9790,76141.108,3205.01,480.504,171.69,49.993,14.226,0.05
9810,75844.712,3193.501,479.157,171.814,50.334,14.785,0.052
9830,75518.336,3180.188,477.375,171.704,50.294,14.656,0.052
9850,75258.571,3171.727,473.855,171.345,50.382,14.89,0.053
9870,74965.503,3160.528,472.508,170.613,50.062,14.833,0.053
9890,74675.764,3145.66,469.226,170.185,50.031,14.866,0.053
9910,74372.705,3137.199,469.139,170.144,50.076,14.899,0.053
9930,74102.952,3129.236,468.444,171,50.42,14.932,0.054
9950,73819.873,3115.176,466.358,171.014,50.439,14.974,0.054
9970,73536.796,3098.69,463.88,170.945,50.435,15.016,0.054
9990,73207.09,3079.778,457.057,170.503,50.33,15.048,0.054
10025,71208.907,2893.082,412.401,166.9,50.042,15.01,0.054
10075,69870.115,2794.228,395.603,163.103,49.448,15.031,0.055
10125,70073.267,3002.885,449.451,168.791,50.15,15.171,0.055
10175,70729.335,3002.325,456.362,168.211,49.795,15.163,0.055
10225,70063.275,2981.795,457.34,168.681,50.006,15.237,0.055
10275,69387.226,2958.28,456.188,168.929,50.223,15.366,0.055
10325,68687.852,2930.533,452.798,167.493,49.754,15.242,0.055
10375,68135.024,2910.937,450.777,167.369,49.723,15.309,0.055
10425,67319.095,2888.292,447.974,167.41,50.001,15.503,0.056
10475,66902.802,2864.216,441.15,165.56,49.612,15.466,0.056
10525,66290.022,2840.14,440.585,166.237,49.874,15.63,0.057
10575,65693.9,2819.361,439.521,165.726,49.667,15.572,0.057
10625,65104.429,2798.271,436.826,164.898,49.485,15.682,0.058
10675,64508.302,2765.859,426.07,161.626,48.743,15.602,0.058
10725,63942.15,2752.359,428.612,163.282,49.235,15.699,0.059
10775,63375.991,2732.452,426.33,162.813,48.996,15.723,0.059
10825,62610.019,2691.89,421.723,161.626,48.541,15.592,0.059
10875,62167.088,2670.987,410.337,161.336,48.67,15.805,0.06
10925,58986.631,2387.738,345.927,153.218,48.171,16.013,0.061
10975,60421.997,2548.119,381.261,158.616,48.473,15.973,0.061
11025,60598.504,2617.423,411.315,162.012,49.177,16.11,0.061
11075,60118.942,2610.331,415.204,162.357,49.358,16.232,0.061
11125,59599.414,2590.734,413.531,161.419,49.13,16.249,0.062
11175,59129.834,2570.827,412.249,160.756,48.949,16.22,0.062
11225,58616.963,2551.914,411.097,161.115,49.164,16.362,0.062
11275,58114.087,2520.622,401.21,158.381,48.473,16.175,0.062
11325,57617.868,2504.633,399.841,158.478,48.679,16.342,0.063
11375,57141.634,2495.426,402.383,159.003,48.665,16.248,0.062
11425,56665.394,2476.949,398.102,157.415,48.266,16.153,0.062
11475,56189.159,2459.281,400.341,159.348,49.007,16.565,0.064
11525,55722.915,2441.24,398.624,158.947,48.941,16.702,0.064
11575,55246.682,2423.51,395.842,157.967,48.602,16.626,0.064
11625,54204.291,2402.482,389.106,155.965,48.146,16.449,0.064
11675,54107.709,2385.312,384.782,155.468,48.256,16.638,0.064
11725,53904.561,2370.63,390.062,157.525,48.813,16.903,0.065
11775,53464.961,2346.865,379.892,154.171,48.007,16.663,0.064
11825,53018.701,2336.662,381.783,154.654,47.962,16.696,0.065
11875,52595.738,2318.745,377.415,153.577,47.779,16.648,0.065
11925,52169.464,2304.375,382.478,156.255,48.683,17.106,0.066
11975,51646.601,2284.343,375.981,152.583,47.271,16.595,0.065
12025,51340.22,2271.838,376.698,154.171,48.035,17.085,0.067
12075,50923.922,2255.85,373.351,153.204,47.761,17.023,0.067
12125,50514.291,2239.675,372.134,153.604,48.063,17.237,0.067
12175,50124.644,2224.371,371.722,154.253,48.438,17.367,0.068
12225,49728.339,2208.693,369.157,153.756,48.34,17.404,0.068
12275,49338.687,2193.078,366.658,152.79,48.057,17.407,0.068
12325,48952.372,2178.023,364.942,152.735,48.149,17.453,0.068
12375,48569.387,2163.217,363.681,152.417,48.085,17.549,0.069
12425,48193.059,2148.846,362.703,152.044,47.946,17.512,0.068
12475,47820.063,2130.867,359.791,151.92,48.084,17.667,0.069
12525,47440.403,2118.736,357.684,151.175,47.882,17.593,0.069
12575,47084.068,2102.81,352.968,150.346,47.828,17.754,0.069
12625,46727.721,2090.243,352.121,150.208,47.773,17.775,0.07
12675,46371.373,2076.494,350.404,149.78,47.556,17.74,0.07
12725,46015.03,2056.835,345.406,149.808,47.799,17.9,0.07
12775,45318.993,2007.937,328.065,148.137,47.729,18.034,0.07
12825,43091.01,1820.556,279.41,135.689,45.244,17.609,0.07
12875,44836.096,1995.619,328.608,147.378,47.393,17.956,0.071
12925,44649.595,2004.453,338.952,147.93,47.345,17.851,0.07
12975,44283.269,1993.38,340.408,148.234,47.597,18.208,0.071
13025,43986.867,1982.119,339.778,147.364,47.233,18.157,0.071
13075,43660.493,1969.117,339.191,147.64,47.494,18.347,0.072
13125,43340.786,1956.239,336.996,146.315,46.944,17.902,0.071
13175,43021.073,1941.495,334.15,145.638,46.873,18.142,0.072
13225,42704.7,1930.919,334.302,146.467,47.294,18.475,0.072
13275,42394.971,1918.415,332.498,145.376,46.808,18.327,0.072
13325,42085.252,1905.972,331.064,145.431,47.024,18.494,0.072
13375,41782.201,1893.717,329.195,144.838,46.879,18.61,0.073
13425,41475.809,1881.088,327.609,145.031,47.158,18.788,0.073
13475,41179.404,1869.205,325.914,144.575,47.029,18.835,0.074
13525,40886.337,1857.074,323.371,144.023,46.984,18.9,0.074
13575,40593.274,1845.503,321.35,142.794,46.468,18.81,0.074
13625,40303.532,1833.807,320.916,143.167,46.635,18.789,0.074
13675,40017.125,1821.614,318.808,142.587,46.603,19.05,0.075
13725,39734.049,1810.353,314.549,141.428,46.551,19.222,0.075
13775,39454.303,1799.778,315.201,141.704,46.531,19.219,0.075
13825,39177.887,1788.517,313.875,141.58,46.598,19.355,0.075
13875,38904.796,1777.443,313.484,141.759,46.599,19.257,0.075
13925,38631.714,1766.183,310.398,140.972,46.564,19.528,0.076
13975,38365.283,1755.296,309.725,140.737,46.529,19.616,0.076
14025,38098.861,1744.596,308.269,139.881,46.126,19.472,0.076
14075,37835.769,1733.771,307.182,140.158,46.429,19.773,0.077
14125,37575.999,1723.009,304.813,138.915,45.992,19.705,0.077
14175,37316.238,1712.744,303.922,139.55,46.435,19.966,0.077
14225,37063.131,1702.292,301.815,137.802,45.698,19.823,0.077
14275,36813.358,1691.965,299.989,136.981,45.332,19.451,0.076
14325,36556.922,1681.638,299.229,138.087,46.043,20.099,0.078
14375,36310.48,1671.435,298.338,138.321,46.278,20.262,0.078
14425,36070.697,1659.553,290.602,134.032,44.838,19.943,0.078
14475,35827.586,1651.092,294.861,137.218,46.011,20.418,0.079
14525,35587.801,1640.703,290.319,134.699,45.185,20.281,0.079
14570,35374.659,1632.864,291.84,135.976,45.624,20.414,0.079
14620,35154.861,1623.657,289.993,135.486,45.653,20.658,0.079
14675,34898.426,1613.579,289.363,135.493,45.667,20.76,0.08
14725,34661.972,1604.185,287.299,134.054,45.106,20.594,0.08
14775,34182.405,1594.355,284.8,133.551,45.126,20.754,0.08
14825,34212.378,1585.832,284.452,133.828,45.242,20.926,0.081
14875,33992.578,1576.438,281.736,131.9,44.434,20.527,0.08
14925,33769.444,1567.169,283.322,134.134,45.581,21.313,0.081
14975,33549.642,1556.593,280.78,132.74,45.057,21.193,0.082
15025,33333.175,1546.204,278.389,130.712,43.887,20.077,0.081
15075,33110.043,1534.881,276.216,130.394,44.109,20.772,0.082
15125,32904.56,1522.874,276.455,131.939,45.034,21.542,0.083
15175,32689.423,1510.743,274.456,131.795,45.113,21.591,0.082
15225,32476.946,1501.971,272.066,130.373,44.603,21.675,0.083
15275,32268.803,1489.716,270.87,130.717,44.924,21.918,0.084
15325,32058.991,1478.269,268.48,129.879,44.686,21.93,0.084
15375,31852.516,1477.087,267.48,129.618,44.702,22.181,0.085
15425,31638.373,1454.131,263.395,128.896,44.724,22.367,0.085
15475,31445.549,1461.596,264.134,128.788,44.61,22.429,0.085
15525,31239.068,1452.513,262.222,127.872,44.153,22.262,0.086
15575,31028.925,1418.732,257.702,126.89,43.946,22.322,0.086
15625,30867.406,1458.361,263.504,128.3,44.519,22.632,0.086
15675,30633.615,1417.053,255.572,125.839,43.586,22.371,0.087
15725,30431.132,1391.546,251.965,125.784,43.96,22.613,0.087
15775,30307.577,1440.569,259.266,124.359,42.671,21.738,0.087
15825,30103.096,1427.131,257.745,125.327,43.434,22.546,0.088
15875,29809.362,1341.715,240.448,120.944,42.098,22.201,0.088
15925,29714.446,1393.35,252.356,124.145,43.109,22.719,0.089
15975,29642.181,1418.732,260.809,125.492,43.548,22.916,0.089
16050,29287.5,1387.067,251.422,123.708,43.243,23.194,0.09
16150,28844.235,1335.245,240.513,121.274,42.746,23.129,0.09
16250,28670.392,1378.73,254.833,123.588,43.155,23.304,0.091
16350,28210.807,1338.355,242.338,120.72,42.512,23.393,0.092
16450,27768.877,1289.27,230.734,117.789,41.888,23.276,0.092
16550,27658.641,1336.489,248.488,120.882,42.398,23.286,0.092
16650,27334.602,1323.238,246.793,120.066,42.132,23.101,0.091
16750,26877.346,1280.187,232.038,116.52,41.198,22.624,0.09
16850,26423.428,1231.974,219.608,112.859,40.344,22.658,0.09
16950,26394.12,1280.001,239.34,117.183,41.276,22.711,0.09
17050,26057.756,1267.807,237.992,115.393,40.446,22.253,0.089
17150,25795.662,1255.676,236.428,114.869,40.273,22.077,0.089
17250,25486.273,1238.195,229.235,112.6,39.611,21.875,0.088
17350,24781.578,1152.592,202.409,105.844,38.177,21.752,0.088
17450,24868.499,1204.725,220.673,109.941,38.887,21.605,0.088
17550,24654.363,1204.414,225.78,110.425,38.882,21.48,0.087
17650,24380.938,1192.531,224.411,109.5,38.559,21.38,0.087
17750,24111.519,1180.214,223.194,108.712,38.208,21.111,0.086
17850,23847.091,1168.58,220.803,107.968,38.031,21.108,0.086
17950,23586.658,1157.133,219.108,107.258,37.718,20.886,0.086
18050,23321.566,1140.772,213.413,105.617,37.249,20.638,0.085
18150,22608.212,1068.233,189.748,99.296,35.905,20.526,0.085
18250,22723.773,1104.253,202.706,102.378,36.299,20.318,0.084
18350,22586.231,1111.097,209.762,103.18,36.31,20.125,0.084
18450,22346.448,1101.018,208.593,101.944,35.743,19.759,0.083
18550,22113.325,1089.634,205.929,101.389,35.714,19.877,0.083
18650,21586.469,1073.77,201.022,99.661,35.052,19.518,0.083
18750,21003.329,1006.893,177.079,92.135,33.254,19.268,0.082
18850,21418.288,1053.862,195.989,97.974,34.666,19.338,0.082
18950,21205.812,1048.761,197.582,96.451,33.815,18.737,0.081
19050,20972.024,1038.309,198.178,97.457,34.345,19.084,0.081
19150,20772.206,1029.164,196.248,96.449,33.974,18.871,0.08
19250,20560.065,1019.335,193.764,95.624,33.733,18.774,0.08
19350,20318.617,1003.72,188.119,93.962,33.155,18.32,0.078
19450,19593.606,937.091,166.508,87.665,31.755,18.098,0.078
19550,19906.99,984.932,184.979,92.709,32.826,18.196,0.078
19650,19743.47,982.132,187.206,92.378,32.562,18.163,0.079
19750,19546.981,973.112,185.898,91.474,32.212,17.704,0.077
19850,19353.157,964.215,185.072,91.09,32.099,17.634,0.076
19950,19161.996,955.444,183.52,90.373,31.881,17.633,0.076